<?xml version="1.0" encoding="UTF-8"?>
<extension type="package" version="3.0" method="upgrade">
  <name>pkg_j2xml</name>
  <author>Helios Ciancio</author>
  <creationDate>July 2016</creationDate>
  <packagename>j2xml</packagename>
  <version>3.3.20.471</version>
  <url>http://www.eshiol.it</url>
  <packager>Helios Ciancio</packager>
  <packagerurl>http://www.eshiol.it/</packagerurl>
  <description>PKG_J2XML_XML_DESCRIPTION</description>
  <updateservers>
    <server type="extension" priority="1" name="J2XML Updates">http://www.eshiol.it/updates/packages/j2xml-updates?format=xml&amp;dummy=extension.xml</server>
  </updateservers>
  <files>
    <folder type="library" id="eshiol">lib_eshiol-16.5.21.122.zip</folder>
    <folder type="library" id="j2xml">lib_j2xml-16.7.283.500.zip</folder>
    <folder type="component" id="j2xml">com_j2xml-3.3.153.237.zip</folder>
    <folder type="plugin" id="j2xml" group="system">plg_system_j2xml-3.4.34.64.zip</folder>
    <folder type="file" id="cli_j2xml">cli_j2xml-3.3.13.32.zip</folder>
  </files>
  <languages folder="language">
    <language tag="en-GB">en-GB/en-GB.pkg_j2xml.sys.ini</language>
    <language tag="it-IT">it-IT/it-IT.pkg_j2xml.sys.ini</language>
  </languages>
</extension>
