<?xml version="1.0" encoding="utf-8"?>
<extension version="3.0" type="file" method="upgrade">
  <name>cli_j2xml</name>
  <creationDate>May 2016</creationDate>
  <author>Helios Ciancio</author>
  <authorEmail>info@eshiol.it</authorEmail>
  <authorUrl>www.eshiol.it</authorUrl>
  <copyright>(C) 2010, 2016 Helios Ciancio. All rights reserved.</copyright>
  <license>GNU/GPL v3</license>
  <version>3.3.13.32</version>
  <description>CLI_J2XML_XML_DESCRIPTION</description>
  <fileset>
    <files>
      <folder>cli</folder>
      <folder>language</folder>
    </files>
  </fileset>
</extension>
